{
  "typeB": {
     "TypeBOutputText": [ 
  	  {
        "f": "const daysOfWeek = [\"Sunday\", \"Monday\", \"Tuesday\", \"Wednesday\", \"Thursday\", \"Friday\", \"Saturday\"];",
        "t": "const daysOfWeek = [\"星期日\", \"星期一\", \"星期二\", \"星期三\", \"星期四\", \"星期五\", \"星期六\"];",
        "pos": 2760,
        "fileName": "time.js",
        "js": true
      },
	  {
        "f": "const daysOfWeek = [\"Sunday\", \"Monday\", \"Tuesday\", \"Wednesday\", \"Thursday\", \"Friday\", \"Saturday\"];",
        "t": "const daysOfWeek = [\"星期日\", \"星期一\", \"星期二\", \"星期三\", \"星期四\", \"星期五\", \"星期六\"];",
        "pos": 2904,
        "fileName": "time.js",
        "js": true
      },
	  {
        "f": "const formattedDate = date.monthName + \" \" + ordinalSuffixOf(date.day);",
        "t": "const formattedDate = date.month + \"月\" + ordinalSuffixOf(date.day) + \"日\";",
        "pos": 95098,
        "fileName": "time.js",
        "js": true
      },
      {
        "f": "return includeWeekday ? date.weekDayName + \", \" + formattedDate : formattedDate;",
        "t": "return includeWeekday ? formattedDate + date.weekDayName : formattedDate;",
        "pos": 95173,
        "fileName": "time.js",
        "js": true
      },
      {
        "f": "const formattedDate = \"the \" + ordinalSuffixOf(date.day) + \" of \" + date.monthName;",
        "t": "const formattedDate = date.month + \"月\" + ordinalSuffixOf(date.day) + \"日\";",
        "pos": 95319,
        "fileName": "time.js",
        "js": true
      },
      {
        "f": "return includeWeekday ? date.weekDayName + \" \" + formattedDate : formattedDate;",
        "t": "return includeWeekday ? formattedDate + date.weekDayName : formattedDate;",
        "pos": 95406,
        "fileName": "time.js",
        "js": true
      },
      {
        "f": "return date.monthName.slice(0, 3) + \" \" + ordinalSuffixOf(date.day);",
        "t": "return date.month + \"月\" + ordinalSuffixOf(date.day) + \"日\";",
        "pos": 95677,
        "fileName": "time.js",
        "js": true
      },
      {
        "f": "return ordinalSuffixOf(date.day) + \" \" + date.monthName.slice(0, 3);",
        "t": "return date.month + \"月\" + ordinalSuffixOf(date.day) + \"日\";",
        "pos": 95781,
        "fileName": "time.js",
        "js": true
      },
	],
    "TypeBInputStoryScript": [    
	  { 
        "f": "<mouse class=\"tooltip-centertop\">P<span>Pain: <<print $pain.toFixed(2)>></span></mouse>",
        "t": "<mouse class=\"tooltip-centertop\">痛<span>疼痛：<<print $pain.toFixed(2)>></span></mouse>",
        "pos": 181,
        "fileName": "mobileStats.twee",
        "pN": "mobileStats"
      },
      {
        "f": "<mouse class=\"tooltip-centertop\">Ar<span>Arousal: <<print $arousal.toFixed(2)>></span></mouse>",
        "t": "<mouse class=\"tooltip-centertop\">欲<span>性奋：<<print $arousal.toFixed(2)>></span></mouse>",
        "pos": 465,
        "fileName": "mobileStats.twee",
        "pN": "mobileStats"
      },
      {
        "f": "<mouse class=\"tooltip-centertop\">F<span>Fatigue: <<print $tiredness.toFixed(2)>></span></mouse>",
        "t": "<mouse class=\"tooltip-centertop\">疲<span>疲劳：<<print $tiredness.toFixed(2)>></span></mouse>",
        "pos": 765,
        "fileName": "mobileStats.twee",
        "pN": "mobileStats"
      },
      {
        "f": "<mouse class=\"tooltip-centertop\">S<span>Stress: <<print $stress.toFixed(2)>></span></mouse>",
        "t": "<mouse class=\"tooltip-centertop\">压<span>压力：<<print $stress.toFixed(2)>></span></mouse>",
        "pos": 1053,
        "fileName": "mobileStats.twee",
        "pN": "mobileStats"
      },
      {
        "f": "<mouse class=\"tooltip-centertop\">I<span>Innocence: <<print Math.abs($awareness).toFixed(2)>></span></mouse>",
        "t": "<mouse class=\"tooltip-centertop\">纯<span>纯真：<<print Math.abs($awareness).toFixed(2)>></span></mouse>",
        "pos": 1367,
        "fileName": "mobileStats.twee",
        "pN": "mobileStats"
      },
      {
        "f": "<mouse class=\"tooltip-centertop\">T<span>Trauma: <<print $trauma.toFixed(2)>></span></mouse>",
        "t": "<mouse class=\"tooltip-centertop\">创<span>创伤：<<print $trauma.toFixed(2)>></span></mouse>",
        "pos": 1662,
        "fileName": "mobileStats.twee",
        "pN": "mobileStats"
      },
      {
        "f": "<mouse class=\"tooltip-centertop\">C<span>Control: <<print $control.toFixed(2)>></span></mouse>",
        "t": "<mouse class=\"tooltip-centertop\">控<span>自控：<<print $control.toFixed(2)>></span></mouse>",
        "pos": 1950,
        "fileName": "mobileStats.twee",
        "pN": "mobileStats"
      },
      {
        "f": "<mouse class=\"tooltip-centertop\">Al<span>Allure: <<print $allure.toFixed(2)>></span></mouse>",
        "t": "<mouse class=\"tooltip-centertop\">诱<span>诱惑：<<print $allure.toFixed(2)>></span></mouse>",
        "pos": 2169,
        "fileName": "mobileStats.twee",
        "pN": "mobileStats"
      },
      {
        "f": "<mouse class=\"tooltip-centertop\">Dk<span>Drunk: <<print $drunk.toFixed(2)>></span></mouse>",
        "t": "<mouse class=\"tooltip-centertop\">醉<span>醉酒：<<print $drunk.toFixed(2)>></span></mouse>",
        "pos": 2402,
        "fileName": "mobileStats.twee",
        "pN": "mobileStats"
      },
      {
        "f": "<mouse class=\"tooltip-centertop\">Dg<span>Drugged: <<print $drugged.toFixed(2)>></span></mouse>",
        "t": "<mouse class=\"tooltip-centertop\">麻<span>麻醉：<<print $drugged.toFixed(2)>></span></mouse>",
        "pos": 2639,
        "fileName": "mobileStats.twee",
        "pN": "mobileStats"
      },
      {
        "f": "<mouse class=\"tooltip-centertop\">H<span>Hallucinogen: <<print $hallucinogen.toFixed(2)>></span></mouse>",
        "t": "<mouse class=\"tooltip-centertop\">幻<span>致幻：<<print $hallucinogen.toFixed(2)>></span></mouse>",
        "pos": 2895,
        "fileName": "mobileStats.twee",
        "pN": "mobileStats"
      },
	  {
        "f": "<<button CHARACTERISTICS>>",
        "t": "<<button 属性>>",
        "pos": 12744,
        "fileName": "caption.twee",
        "pN": "StoryCaption"
      },
      {
        "f": "<<button SOCIAL>>",
        "t": "<<button 社交>>",
        "pos": 12830,
        "fileName": "caption.twee",
        "pN": "StoryCaption"
      },
      {
        "f": "<<button TRAITS>>",
        "t": "<<button 特质>>",
        "pos": 12935,
        "fileName": "caption.twee",
        "pN": "StoryCaption"
      },
      {
        "f": "<<button JOURNAL>>",
        "t": "<<button 日志>>",
        "pos": 13006,
        "fileName": "caption.twee",
        "pN": "StoryCaption"
      },
      {
        "f": "<<button STATS>>",
        "t": "<<button 统计>>",
        "pos": 13125,
        "fileName": "caption.twee",
        "pN": "StoryCaption"
      },
      {
        "f": "<<button FEATS>>",
        "t": "<<button 成就>>",
        "pos": 13199,
        "fileName": "caption.twee",
        "pN": "StoryCaption"
      },
      {
        "f": "<<button CHEATS>>",
        "t": "<<button 作弊>>",
        "pos": 13439,
        "fileName": "caption.twee",
        "pN": "StoryCaption"
      },
      {
        "f": "<<button \"DOL+ CREDITS\">>",
        "t": "<<button \"DOL+制作组\">>",
        "pos": 13620,
        "fileName": "caption.twee",
        "pN": "StoryCaption"
      },
      {
        "f": "<<set _temp to \"<span class='yellow'>SHOW EVENT INFO</span>\">>",
        "t": "<<set _temp to \"<span class='yellow'>显示事件信息</span>\">>",
        "pos": 14019,
        "fileName": "caption.twee",
        "pN": "StoryCaption"
      },
      {
        "f": "<<set _temp to \"<span class='red'>EVENT ERROR</span>\">>",
        "t": "<<set _temp to \"<span class='red'>事件错误</span>\">>",
        "pos": 14289,
        "fileName": "caption.twee",
        "pN": "StoryCaption"
      },
      {
        "f": "<<set _temp to \"<span class='green'>EVENT ACTIVE</span>\">>",
        "t": "<<set _temp to \"<span class='green'>事件进行中</span>\">>",
        "pos": 14473,
        "fileName": "caption.twee",
        "pN": "StoryCaption"
      },
      {
        "f": "<<set _temp to \"<span class='red'>EVENT ACTIVE</span>\">>",
        "t": "<<set _temp to \"<span class='red'>事件进行中</span>\">>",
        "pos": 14633,
        "fileName": "caption.twee",
        "pN": "StoryCaption"
      },
      {
        "f": "<<set _temp to \"<span class='green'>EVENT ACTIVE</span>\">>",
        "t": "<<set _temp to \"<span class='green'>事件进行中</span>\">>",
        "pos": 14870,
        "fileName": "caption.twee",
        "pN": "StoryCaption"
      },
      {
        "f": "<<button \"DEBUG RENDERER\">><<overlayReplace \"canvasModel\">><</button>>",
        "t": "<<button \"DEBUG渲染器\">><<overlayReplace \"canvasModel\">><</button>>",
        "pos": 15093,
        "fileName": "caption.twee",
        "pN": "StoryCaption"
      },
      {
        "f": "<<button OPTIONS>>",
        "t": "<<button 选项>>",
        "pos": 15215,
        "fileName": "caption.twee",
        "pN": "StoryCaption"
      },
      {
        "f": "<<button SAVES>>",
        "t": "<<button 存档>>",
        "pos": 15288,
        "fileName": "caption.twee",
        "pN": "StoryCaption"
      },
	  {
        "f": "<<button SAVES>>",
        "t": "<<button 存档>>",
        "pos": 96,
        "fileName": "caption.twee",
        "pN": "Widgets Clothing Caption"
      },
      {
        "f": "<<button OPTIONS>>",
        "t": "<<button 选项>>",
        "pos": 191,
        "fileName": "caption.twee",
        "pN": "Widgets Clothing Caption"
      },
      {
        "f": "<<button FEATS>>",
        "t": "<<button 成就>>",
        "pos": 258,
        "fileName": "caption.twee",
        "pN": "Widgets Clothing Caption"
      },
	  {
        "f": "dom : { name : \"Yearning\", activeIcon : \"img/ui/sym_yearning.png\", requirements : V.gwylanSeen?.includes(\"yearning\"), maxValue : 150, color: 'forest-green' }",
        "t": "dom : { name : \"渴望\", activeIcon : \"img/ui/sym_yearning.png\", requirements : V.gwylanSeen?.includes(\"yearning\"), maxValue : 150, color: 'forest-green' }",
        "pos": 2130,
        "fileName": "social.twee",
        "pN": "Social"
      },
      {
        "f": "lust : { name: \"Obsession\", activeIcon : (V.wraith && (V.wraith.state == \"haunt\" || V.wraith.state == \"despair\") ? \"img/ui/obsessionblood.png\" : \"img/ui/obsession.png\"), inactiveIcon : \"img/ui/obsessionempty.png\", maxValue : 20 }",
        "t": "lust : { name: \"痴迷\", activeIcon : (V.wraith && (V.wraith.state == \"haunt\" || V.wraith.state == \"despair\") ? \"img/ui/obsessionblood.png\" : \"img/ui/obsession.png\"), inactiveIcon : \"img/ui/obsessionempty.png\", maxValue : 20 }",
        "pos": 2752,
        "fileName": "social.twee",
        "pN": "Social"
      },
      {
        "f": "<span class=\"gold\">Primary Relationships</span>",
        "t": "<span class=\"gold\">主要角色</span>",
        "pos": 3956,
        "fileName": "social.twee",
        "pN": "Social"
      },
      {
        "f": "//No primary relationships//",
        "t": "//你现在没有羁绊角色//",
        "pos": 4295,
        "fileName": "social.twee",
        "pN": "Social"
      },
      {
        "f": "<span class=\"gold\">People of Interest</span>",
        "t": "<span class=\"gold\">普通角色</span>",
        "pos": 4352,
        "fileName": "social.twee",
        "pN": "Social"
      },
      {
        "f": "//No secondary relationships//",
        "t": "//你现在没有羁绊角色//",
        "pos": 4907,
        "fileName": "social.twee",
        "pN": "Social"
      },
      {
        "f": "<span class=\"gold\">Reputation</span>",
        "t": "<span class=\"gold\">声誉</span>",
        "pos": 4966,
        "fileName": "social.twee",
        "pN": "Social"
      },
      {
        "f": "<<set _policeCrimeConfig = { currentValue : crimeSumHistory(), preText: 'The police ', states : [",
        "t": "<<set _policeCrimeConfig = { currentValue : crimeSumHistory(), preText: '警方', states : [",
        "pos": 5106,
        "fileName": "social.twee",
        "pN": "Social"
      },
      {
        "f": "{ requiredValue: 0,\t\tcolor: 'green',\t\tdescription: 'aren\\'t concerned with you,'},",
        "t": "{ requiredValue: 0,\t\tcolor: 'green',\t\tdescription: '认为你无关紧要，'},",
        "pos": 5209,
        "fileName": "social.twee",
        "pN": "Social"
      },
      {
        "f": "{ requiredValue: 1000,\tcolor: 'teal',\t\tdescription: 'have you on their records,'},",
        "t": "{ requiredValue: 1000,\tcolor: 'teal',\t\tdescription: '的报告里出现了你的名字，'},",
        "pos": 5297,
        "fileName": "social.twee",
        "pN": "Social"
      },
      {
        "f": "{ requiredValue: 2000,\tcolor: 'lblue',\t\tdescription: 'consider you a person of interest,'},",
        "t": "{ requiredValue: 2000,\tcolor: 'lblue',\t\tdescription: '认为你有犯罪嫌疑，'},",
        "pos": 5385,
        "fileName": "social.twee",
        "pN": "Social"
      },
      {
        "f": "{ requiredValue: 3000,\tcolor: 'blue',\t\tdescription: 'consider you a troublemaker,'},",
        "t": "{ requiredValue: 3000,\tcolor: 'blue',\t\tdescription: '认为你是一个不安分子，'},",
        "pos": 5482,
        "fileName": "social.twee",
        "pN": "Social"
      },
      {
        "f": "{ requiredValue: 5000,\tcolor: 'purple',\tdescription: 'consider you a criminal,'},",
        "t": "{ requiredValue: 5000,\tcolor: 'purple',\tdescription: '认定你就是一个罪犯，'},",
        "pos": 5572,
        "fileName": "social.twee",
        "pN": "Social"
      },
      {
        "f": "{ requiredValue: 10000,\tcolor: 'pink',\t\tdescription: 'have a binder devoted to you,'},",
        "t": "{ requiredValue: 10000,\tcolor: 'pink',\t\tdescription: '为你建立了专用犯罪资料集，'},",
        "pos": 5659,
        "fileName": "social.twee",
        "pN": "Social"
      },
      {
        "f": "{ requiredValue: 30000,\tcolor: 'red',\t\tdescription: 'have a filing cabinet devoted to you,'}",
        "t": "{ requiredValue: 30000,\tcolor: 'red',\t\tdescription: '有整个档案柜装满了你的犯罪记录，'}",
        "pos": 5751,
        "fileName": "social.twee",
        "pN": "Social"
      },
      {
        "f": "{ requiredValue: 0,\tcolor: 'green',\tdescription: 'and have no evidence linking you to any crime.'},",
        "t": "{ requiredValue: 0,\tcolor: 'green',\tdescription: '也没有任何证据表明你与犯罪有关。'},",
        "pos": 6021,
        "fileName": "social.twee",
        "pN": "Social"
      },
      {
        "f": "{ requiredValue: 1,\tcolor: 'teal',\tdescription: 'despite having a little evidence linking you to crime.'},",
        "t": "{ requiredValue: 1,\tcolor: 'teal',\tdescription: '尽管有零星的证据将你与犯罪关联。'},",
        "pos": 6127,
        "fileName": "social.twee",
        "pN": "Social"
      },
      {
        "f": "{ requiredValue: 0,\t\tcolor: 'green',\tdescription: 'but lack enough evidence for an arrest.'},",
        "t": "{ requiredValue: 0,\t\tcolor: 'green',\tdescription: '但缺乏足够证据来实施逮捕。'},",
        "pos": 6297,
        "fileName": "social.twee",
        "pN": "Social"
      },
      {
        "f": "{ requiredValue: 1000,\tcolor: 'pink',\tdescription: 'and have enough evidence for an arrest.'},",
        "t": "{ requiredValue: 1000,\tcolor: 'pink',\tdescription: '同时有充分证据来实施逮捕。'},",
        "pos": 6397,
        "fileName": "social.twee",
        "pN": "Social"
      },
      {
        "f": "{ requiredValue: 5000,\tcolor: 'red',\tdescription: 'and have more than enough evidence for an arrest.'},",
        "t": "{ requiredValue: 5000,\tcolor: 'red',\tdescription: '并掌握远超实施逮捕所需的证据量。'},",
        "pos": 6498,
        "fileName": "social.twee",
        "pN": "Social"
      },
      {
        "f": "<<set _policeBoxConfig = { name : \"Police\", icon : \"img/misc/icon/police.png\", description: \"<<relation-text _policeCrimeConfig>> <<relation-text _policeEvidenceConfig>>\"}>>",
        "t": "<<set _policeBoxConfig = { name : \"警察局\", icon : \"img/misc/icon/police.png\", description: \"<<relation-text _policeCrimeConfig>> <<relation-text _policeEvidenceConfig>>\"}>>",
        "pos": 6623,
        "fileName": "social.twee",
        "pN": "Social"
      },
      {
        "f": "<<set _orphanageMoodConfig = { currentValue: $orphan_hope, secondaryValue: $orphan_reb, preText: 'The atmosphere in the orphanage is ', states : [",
        "t": "<<set _orphanageMoodConfig = { currentValue: $orphan_hope, secondaryValue: $orphan_reb, preText: '孤儿院的整体氛围是', states : [",
        "pos": 6822,
        "fileName": "social.twee",
        "pN": "Social"
      },
      {
        "f": "{ requiredValue: -100,\tcolor: 'pink',\tdescription: 'hopeless.'},",
        "t": "{ requiredValue: -100,\tcolor: 'pink',\tdescription: '绝望的。'},",
        "pos": 7023,
        "fileName": "social.twee",
        "pN": "Social"
      },
      {
        "f": "{ requiredValue: -40,\tcolor: 'pink',\tdescription: 'crestfallen.'},",
        "t": "{ requiredValue: -40,\tcolor: 'pink',\tdescription: '萎靡的。'},",
        "pos": 7094,
        "fileName": "social.twee",
        "pN": "Social"
      },
      {
        "f": "{ requiredValue: -10,\tcolor: 'pink',\tdescription: 'unhappy.'},",
        "t": "{ requiredValue: -10,\tcolor: 'pink',\tdescription: '低落的。'},",
        "pos": 7167,
        "fileName": "social.twee",
        "pN": "Social"
      },
      {
        "f": "{ requiredValue: 10,\tcolor: 'pink',\tdescription: 'spiteful.'},",
        "t": "{ requiredValue: 10,\tcolor: 'pink',\tdescription: '愤怒的。'},",
        "pos": 7236,
        "fileName": "social.twee",
        "pN": "Social"
      },
      {
        "f": "{ requiredValue: 40,\tcolor: 'def',\tdescription: 'vengeful.'},",
        "t": "{ requiredValue: 40,\tcolor: 'def',\tdescription: '渴望复仇的。'},",
        "pos": 7305,
        "fileName": "social.twee",
        "pN": "Social"
      },
      {
        "f": "{ requiredValue: -100,\tcolor: 'purple',\tdescription: 'morose.'},",
        "t": "{ requiredValue: -100,\tcolor: 'purple',\tdescription: '颓废的。'},",
        "pos": 7429,
        "fileName": "social.twee",
        "pN": "Social"
      },
      {
        "f": "{ requiredValue: -40,\tcolor: 'purple',\tdescription: 'dispirited.'},",
        "t": "{ requiredValue: -40,\tcolor: 'purple',\tdescription: '阴郁的。'},",
        "pos": 7500,
        "fileName": "social.twee",
        "pN": "Social"
      },
      {
        "f": "{ requiredValue: -10,\tcolor: 'purple',\tdescription: 'resigned.'},",
        "t": "{ requiredValue: -10,\tcolor: 'purple',\tdescription: '屈从的。'},",
        "pos": 7574,
        "fileName": "social.twee",
        "pN": "Social"
      },
      {
        "f": "{ requiredValue: 10,\tcolor: 'purple',\tdescription: 'disobedient.'},",
        "t": "{ requiredValue: 10,\tcolor: 'purple',\tdescription: '忤逆的。'},",
        "pos": 7646,
        "fileName": "social.twee",
        "pN": "Social"
      },
      {
        "f": "{ requiredValue: 40,\tcolor: 'def',\t\tdescription: 'unruly.'},",
        "t": "{ requiredValue: 40,\tcolor: 'def',\t\tdescription: '我行我素的。'},",
        "pos": 7720,
        "fileName": "social.twee",
        "pN": "Social"
      },
      {
        "f": "{ requiredValue: -100,\tcolor: 'blue',\tdescription: 'obedient.'},",
        "t": "{ requiredValue: -100,\tcolor: 'blue',\tdescription: '俯首的。'},",
        "pos": 7843,
        "fileName": "social.twee",
        "pN": "Social"
      },
      {
        "f": "{ requiredValue: -40,\tcolor: 'blue',\tdescription: 'compliant.'},",
        "t": "{ requiredValue: -40,\tcolor: 'blue',\tdescription: '顺从的。'},",
        "pos": 7914,
        "fileName": "social.twee",
        "pN": "Social"
      },
      {
        "f": "{ requiredValue: -10,\tcolor: 'blue',\tdescription: 'calm.'},",
        "t": "{ requiredValue: -10,\tcolor: 'blue',\tdescription: '平静的。'},",
        "pos": 7985,
        "fileName": "social.twee",
        "pN": "Social"
      },
      {
        "f": "{ requiredValue: 10,\tcolor: 'blue',\tdescription: 'subversive.'},",
        "t": "{ requiredValue: 10,\tcolor: 'blue',\tdescription: '躁动的。'},",
        "pos": 8051,
        "fileName": "social.twee",
        "pN": "Social"
      },
      {
        "f": "{ requiredValue: 40,\tcolor: 'def',\tdescription: 'defiant.'},",
        "t": "{ requiredValue: 40,\tcolor: 'def',\tdescription: '惹是生非的。'},",
        "pos": 8122,
        "fileName": "social.twee",
        "pN": "Social"
      },
      {
        "f": "{ requiredValue: -100,\tcolor: 'teal',\tdescription: 'enduring.'},",
        "t": "{ requiredValue: -100,\tcolor: 'teal',\tdescription: '隐忍的。'},",
        "pos": 8244,
        "fileName": "social.twee",
        "pN": "Social"
      },
      {
        "f": "{ requiredValue: -40,\tcolor: 'teal',\tdescription: 'unresistant.'},",
        "t": "{ requiredValue: -40,\tcolor: 'teal',\tdescription: '服从的。'},",
        "pos": 8315,
        "fileName": "social.twee",
        "pN": "Social"
      },
      {
        "f": "{ requiredValue: -10,\tcolor: 'teal',\tdescription: 'optimistic.'},",
        "t": "{ requiredValue: -10,\tcolor: 'teal',\tdescription: '乐观的。'},",
        "pos": 8388,
        "fileName": "social.twee",
        "pN": "Social"
      },
      {
        "f": "{ requiredValue: 10,\tcolor: 'teal',\tdescription: 'rebellious.'},",
        "t": "{ requiredValue: 10,\tcolor: 'teal',\tdescription: '桀骜不驯的。'},",
        "pos": 8460,
        "fileName": "social.twee",
        "pN": "Social"
      },
      {
        "f": "{ requiredValue: 40,\tcolor: 'def',\tdescription: 'mutinous.'},",
        "t": "{ requiredValue: 40,\tcolor: 'def',\tdescription: '揭竿而起的。'},",
        "pos": 8531,
        "fileName": "social.twee",
        "pN": "Social"
      },
      {
        "f": "{ requiredValue: -100,\tcolor: 'green',\tdescription: 'kind.'},",
        "t": "{ requiredValue: -100,\tcolor: 'green',\tdescription: '温顺的。'},",
        "pos": 8654,
        "fileName": "social.twee",
        "pN": "Social"
      },
      {
        "f": "{ requiredValue: -40,\tcolor: 'green',\tdescription: 'friendly.'},",
        "t": "{ requiredValue: -40,\tcolor: 'green',\tdescription: '友好的。'},",
        "pos": 8722,
        "fileName": "social.twee",
        "pN": "Social"
      },
      {
        "f": "{ requiredValue: -10,\tcolor: 'green',\tdescription: 'hopeful.'},",
        "t": "{ requiredValue: -10,\tcolor: 'green',\tdescription: '满怀希望的。'},",
        "pos": 8793,
        "fileName": "social.twee",
        "pN": "Social"
      },
      {
        "f": "{ requiredValue: 10,\tcolor: 'green',\tdescription: 'idealistic.'},",
        "t": "{ requiredValue: 10,\tcolor: 'green',\tdescription: '理想主义的。'},",
        "pos": 8863,
        "fileName": "social.twee",
        "pN": "Social"
      },
      {
        "f": "{ requiredValue: 40,\tcolor: 'def',\tdescription: 'revolutionary.'},",
        "t": "{ requiredValue: 40,\tcolor: 'def',\tdescription: '革命性的。'},",
        "pos": 8935,
        "fileName": "social.twee",
        "pN": "Social"
      },
      {
        "f": "<<set _orphanageBoxConfig = { name : \"Orphanage\", icon : \"img/misc/icon/orphanage.png\", description: \"<<relation-text _orphanageMoodConfig>>\"}>>",
        "t": "<<set _orphanageBoxConfig = { name : \"孤儿院\", icon : \"img/misc/icon/orphanage.png\", description: \"<<relation-text _orphanageMoodConfig>>\"}>>",
        "pos": 9024,
        "fileName": "social.twee",
        "pN": "Social"
      },
      {
        "f": "<<set _teacherRepConfig = { currentValue: $delinquency, preText: 'You are considered ', postText: ' by the teachers.', states : [",
        "t": "<<set _teacherRepConfig = { currentValue: $delinquency, preText: '老师们把你视作', postText: '', states : [",
        "pos": 9198,
        "fileName": "social.twee",
        "pN": "Social"
      },
      {
        "f": "{ requiredValue: 0,\t\tcolor: 'green',\t\tdescription: 'an ideal student'},",
        "t": "{ requiredValue: 0,\t\tcolor: 'green',\t\tdescription: '模范学生。'},",
        "pos": 9333,
        "fileName": "social.twee",
        "pN": "Social"
      },
      {
        "f": "{ requiredValue: 10,\tcolor: 'teal',\t\tdescription: 'a normal student'},",
        "t": "{ requiredValue: 10,\tcolor: 'teal',\t\tdescription: '普通学生。'},",
        "pos": 9410,
        "fileName": "social.twee",
        "pN": "Social"
      },
      {
        "f": "{ requiredValue: 200,\tcolor: 'lblue',\t\tdescription: 'a bad student'},",
        "t": "{ requiredValue: 200,\tcolor: 'lblue',\t\tdescription: '品行不端的学生。'},",
        "pos": 9486,
        "fileName": "social.twee",
        "pN": "Social"
      },
      {
        "f": "{ requiredValue: 400,\tcolor: 'blue',\t\tdescription: 'a delinquent'},",
        "t": "{ requiredValue: 400,\tcolor: 'blue',\t\tdescription: '屡教不改的学生。'},",
        "pos": 9561,
        "fileName": "social.twee",
        "pN": "Social"
      },
      {
        "f": "{ requiredValue: 600,\tcolor: 'purple',\tdescription: 'a delinquent'},",
        "t": "{ requiredValue: 600,\tcolor: 'purple',\tdescription: '学风差劲的学生。'},",
        "pos": 9634,
        "fileName": "social.twee",
        "pN": "Social"
      },
      {
        "f": "{ requiredValue: 800,\tcolor: 'pink',\t\tdescription: 'a delinquent'},",
        "t": "{ requiredValue: 800,\tcolor: 'pink',\t\tdescription: '无法无天的学生。'},",
        "pos": 9708,
        "fileName": "social.twee",
        "pN": "Social"
      },
      {
        "f": "{ requiredValue: 1000,\tcolor: 'red',\t\tdescription: 'a terror'}",
        "t": "{ requiredValue: 1000,\tcolor: 'red',\t\tdescription: '学校里的害群之马。'}",
        "pos": 9781,
        "fileName": "social.twee",
        "pN": "Social"
      },
      {
        "f": "<<set _studentRepConfig = { currentValue: $cool, preText: 'Your fellow students think you\\'re ', states : [",
        "t": "<<set _studentRepConfig = { currentValue: $cool, preText: '你的同学认为你', states : [",
        "pos": 9857,
        "fileName": "social.twee",
        "pN": "Social"
      },
      {
        "f": "{ requiredValue: 0,\t\tcolor: 'red',\t\tpreText: 'Your fellow students ', description: 'avoid you.'},",
        "t": "{ requiredValue: 0,\t\tcolor: 'red',\t\tpreText: '你的同学', description: '对你避之不及。'},",
        "pos": 9970,
        "fileName": "social.twee",
        "pN": "Social"
      },
      {
        "f": "{ requiredValue: 40,\tcolor: 'pink',\t\tdescription: 'odd.'},",
        "t": "{ requiredValue: 40,\tcolor: 'pink',\t\tdescription: '非常怪异。'},",
        "pos": 10073,
        "fileName": "social.twee",
        "pN": "Social"
      },
      {
        "f": "{ requiredValue: 80,\tcolor: 'purple',\tdescription: 'dorky.'},",
        "t": "{ requiredValue: 80,\tcolor: 'purple',\tdescription: '呆头呆脑。'},",
        "pos": 10137,
        "fileName": "social.twee",
        "pN": "Social"
      },
      {
        "f": "{ requiredValue: 120,\tcolor: 'blue',\t\tdescription: 'ok.'},",
        "t": "{ requiredValue: 120,\tcolor: 'blue',\t\tdescription: '还行。'},",
        "pos": 10204,
        "fileName": "social.twee",
        "pN": "Social"
      },
      {
        "f": "{ requiredValue: 160,\tcolor: 'lblue',\t\tdescription: 'cool.'},",
        "t": "{ requiredValue: 160,\tcolor: 'lblue',\t\tdescription: '很酷。'},",
        "pos": 10268,
        "fileName": "social.twee",
        "pN": "Social"
      },
      {
        "f": "{ requiredValue: 240,\tcolor: 'teal',\t\tdescription: 'very cool.'},",
        "t": "{ requiredValue: 240,\tcolor: 'teal',\t\tdescription: '与众不同。'},",
        "pos": 10335,
        "fileName": "social.twee",
        "pN": "Social"
      },
      {
        "f": "{ requiredValue: 400,\tcolor: 'green',\t\tpreText: 'Your fellow students ', description: 'aspire to be seen with you.'}",
        "t": "{ requiredValue: 400,\tcolor: 'green',\t\tpreText: '你的同学', description: '渴望与你待在一起。'}",
        "pos": 10406,
        "fileName": "social.twee",
        "pN": "Social"
      },
      {
        "f": "<<set _teacherBoxConfig = { name : \"Teachers\", icon : \"img/misc/icon/school.png\", description: \"<<relation-text _teacherRepConfig>> <<statbar 0 $delinquency 1000>>\"}>>",
        "t": "<<set _teacherBoxConfig = { name : \"教师\", icon : \"img/misc/icon/school.png\", description: \"<<relation-text _teacherRepConfig>> <<statbar 0 $delinquency 1000>>\"}>>",
        "pos": 10536,
        "fileName": "social.twee",
        "pN": "Social"
      },
      {
        "f": "<<set _studentBoxConfig = { name : \"Students\", icon : \"img/misc/icon/schoolnew.png\", description: \"<<relation-text _studentRepConfig>> <<statbarinverted $cool $coolmax>>\"}>>",
        "t": "<<set _studentBoxConfig = { name : \"学校\", icon : \"img/misc/icon/schoolnew.png\", description: \"<<relation-text _studentRepConfig>> <<statbarinverted $cool $coolmax>>\"}>>",
        "pos": 10708,
        "fileName": "social.twee",
        "pN": "Social"
      },
      {
        "f": "<<set _crossdressing to $player.gender isnot $player.sex ? \"presumed crossdressing\" : \"crossdressing exploits\">>",
        "t": "<<set _crossdressing to $player.gender isnot $player.sex ? \"可能是异装癖\" : \"是异装癖\">>",
        "pos": 10949,
        "fileName": "social.twee",
        "pN": "Social"
      },
      {
        "f": "{ requiredValue: 1,\tcolor: 'lblue',\t\tdescription: `A few cliques at school whisper amongst themselves about your ${_crossdressing}. Few believe it.`},",
        "t": "{ requiredValue: 1,\tcolor: 'lblue',\t\tdescription: `学校中小范围流传着你${_crossdressing}的流言，不过很少有人真的相信。`},",
        "pos": 11231,
        "fileName": "social.twee",
        "pN": "Social"
      },
      {
        "f": "{ requiredValue: 2,\tcolor: 'blue',\t\tdescription: `A rumour has taken root at school. Some say you're a crossdresser.`},",
        "t": "{ requiredValue: 2,\tcolor: 'blue',\t\tdescription: `流言在学校里传播，有人说你是个异装者。`},",
        "pos": 11388,
        "fileName": "social.twee",
        "pN": "Social"
      },
      {
        "f": "{ requiredValue: 3,\tcolor: 'purple',\tdescription: `Students gossip about your supposed crossdressing, though most think it only a joke.`},",
        "t": "{ requiredValue: 3,\tcolor: 'purple',\tdescription: `学生们对你所谓的异装说三道四，尽管大多数人都是一笑而过。`},",
        "pos": 11514,
        "fileName": "social.twee",
        "pN": "Social"
      },
      {
        "f": "{ requiredValue: 4,\tcolor: 'pink',\t\tdescription: `Everyone at school has heard the rumours of your ${_crossdressing}.`},",
        "t": "{ requiredValue: 4,\tcolor: 'pink',\t\tdescription: `学校里的每个人都听说过关于你${_crossdressing}的传言。`},",
        "pos": 11659,
        "fileName": "social.twee",
        "pN": "Social"
      },
      {
        "f": "{ requiredValue: 5,\tcolor: 'red',\t\tdescription: `Everyone at school ${_knows} that you crossdress, including the teachers.`}",
        "t": "{ requiredValue: 5,\tcolor: 'red',\t\tdescription: `学校里的所有人都${_knows} 了你是个异装癖，包括老师。`}",
        "pos": 11786,
        "fileName": "social.twee",
        "pN": "Social"
      },
      {
        "f": "<<set _crossdressBoxConfig = { name : \"Crossdressing\", description : '<<relation-text _crossdressRepConfig>>'}>>",
        "t": "<<set _crossdressBoxConfig = { name : \"异装癖\", description : '<<relation-text _crossdressRepConfig>>'}>>",
        "pos": 11926,
        "fileName": "social.twee",
        "pN": "Social"
      },
      {
        "f": "{ requiredValue: 1,\tcolor: 'lblue',\t\tdescription: 'A few cliques at school gossip about a student with both boy and girl parts. Few believe it.'},",
        "t": "{ requiredValue: 1,\tcolor: 'lblue',\t\tdescription: '流言称有一个学生同时有着男性和女性的部位，但很少有人真的相信。'},",
        "pos": 12176,
        "fileName": "social.twee",
        "pN": "Social"
      },
      {
        "f": "{ requiredValue: 2,\tcolor: 'blue',\t\tdescription: 'Rumours of a student with both boy and girl parts have spread through the school.'},",
        "t": "{ requiredValue: 2,\tcolor: 'blue',\t\tdescription: '关于双性人的流言在学校里传播。'},",
        "pos": 12329,
        "fileName": "social.twee",
        "pN": "Social"
      },
      {
        "f": "{ requiredValue: 3,\tcolor: 'purple',\tdescription: 'The school is rife with gossip about a student with both boy and girl parts.'},",
        "t": "{ requiredValue: 3,\tcolor: 'purple',\tdescription: '学生们热烈讨论着学校内双性人的传言。'},",
        "pos": 12470,
        "fileName": "social.twee",
        "pN": "Social"
      },
      {
        "f": "{ requiredValue: 4,\tcolor: 'pink',\t\tdescription: 'Everyone at school has heard the rumours about your unique genitalia.'},",
        "t": "{ requiredValue: 4,\tcolor: 'pink',\t\tdescription: '学校里的每个人都听说过关于你那独一无二生殖器的传言。'},",
        "pos": 12607,
        "fileName": "social.twee",
        "pN": "Social"
      },
      {
        "f": "{ requiredValue: 5,\tcolor: 'red',\t\tdescription: 'Everyone at school has heard of your unique genitalia, including the teachers.'}",
        "t": "{ requiredValue: 5,\tcolor: 'red',\t\tdescription: '学校里的所有人都知道了你是个双性人，包括老师。'}",
        "pos": 12736,
        "fileName": "social.twee",
        "pN": "Social"
      },
      {
        "f": "<<set _hermBoxConfig = { name : \"Genitalia\", description : '<<relation-text _hermRepConfig>>'}>>",
        "t": "<<set _hermBoxConfig = { name : \"双性\", description : '<<relation-text _hermRepConfig>>'}>>",
        "pos": 12881,
        "fileName": "social.twee",
        "pN": "Social"
      },
      {
        "f": "<<set _prisonMoodConfig = { currentValue: $prison.hope, secondaryValue: $prison.reb, preText: 'The atmosphere in the prison is ', states : [",
        "t": "<<set _prisonMoodConfig = { currentValue: $prison.hope, secondaryValue: $prison.reb, preText: '监狱的整体氛围是', states : [",
        "pos": 13032,
        "fileName": "social.twee",
        "pN": "Social"
      },
      {
        "f": "{ requiredValue: 0,\tcolor: 'pink',\tdescription: 'hopeless.'},",
        "t": "{ requiredValue: 0,\tcolor: 'pink',\tdescription: '绝望的。'},",
        "pos": 13226,
        "fileName": "social.twee",
        "pN": "Social"
      },
      {
        "f": "{ requiredValue: 20,\tcolor: 'pink',\tdescription: 'crestfallen.'},",
        "t": "{ requiredValue: 20,\tcolor: 'pink',\tdescription: '萎靡的。'},",
        "pos": 13295,
        "fileName": "social.twee",
        "pN": "Social"
      },
      {
        "f": "{ requiredValue: 40,\tcolor: 'pink',\tdescription: 'unhappy.'},",
        "t": "{ requiredValue: 40,\tcolor: 'pink',\tdescription: '低落的。'},",
        "pos": 13368,
        "fileName": "social.twee",
        "pN": "Social"
      },
      {
        "f": "{ requiredValue: 60,\tcolor: 'pink',\tdescription: 'spiteful.'},",
        "t": "{ requiredValue: 60,\tcolor: 'pink',\tdescription: '愤怒的。'},",
        "pos": 13437,
        "fileName": "social.twee",
        "pN": "Social"
      },
      {
        "f": "{ requiredValue: 80,\tcolor: 'def',\tdescription: 'vengeful.'},",
        "t": "{ requiredValue: 80,\tcolor: 'def',\tdescription: '渴望复仇的。'},",
        "pos": 13507,
        "fileName": "social.twee",
        "pN": "Social"
      },
      {
        "f": "{ requiredValue: 0,\tcolor: 'purple',\tdescription: 'morose.'},",
        "t": "{ requiredValue: 0,\tcolor: 'purple',\tdescription: '颓废的。'},",
        "pos": 13633,
        "fileName": "social.twee",
        "pN": "Social"
      },
      {
        "f": "{ requiredValue: 20,\tcolor: 'purple',\tdescription: 'dispirited.'},",
        "t": "{ requiredValue: 20,\tcolor: 'purple',\tdescription: '阴郁的。'},",
        "pos": 13702,
        "fileName": "social.twee",
        "pN": "Social"
      },
      {
        "f": "{ requiredValue: 40,\tcolor: 'purple',\tdescription: 'resigned.'},",
        "t": "{ requiredValue: 40,\tcolor: 'purple',\tdescription: '屈从的。'},",
        "pos": 13776,
        "fileName": "social.twee",
        "pN": "Social"
      },
      {
        "f": "{ requiredValue: 60,\tcolor: 'purple',\tdescription: 'disobedient.'},",
        "t": "{ requiredValue: 60,\tcolor: 'purple',\tdescription: '忤逆的。'},",
        "pos": 13848,
        "fileName": "social.twee",
        "pN": "Social"
      },
      {
        "f": "{ requiredValue: 80,\tcolor: 'def',\t\tdescription: 'unruly.'},",
        "t": "{ requiredValue: 80,\tcolor: 'def',\t\tdescription: '我行我素的。'},",
        "pos": 13923,
        "fileName": "social.twee",
        "pN": "Social"
      },
      {
        "f": "{ requiredValue: 0,\tcolor: 'blue',\tdescription: 'obedient.'},",
        "t": "{ requiredValue: 0,\tcolor: 'blue',\tdescription: '俯首的。'},",
        "pos": 14048,
        "fileName": "social.twee",
        "pN": "Social"
      },
      {
        "f": "{ requiredValue: 20,\tcolor: 'blue',\tdescription: 'compliant.'},",
        "t": "{ requiredValue: 20,\tcolor: 'blue',\tdescription: '顺从的。'},",
        "pos": 14117,
        "fileName": "social.twee",
        "pN": "Social"
      },
      {
        "f": "{ requiredValue: 40,\tcolor: 'blue',\tdescription: 'calm.'},",
        "t": "{ requiredValue: 40,\tcolor: 'blue',\tdescription: '平静的。'},",
        "pos": 14188,
        "fileName": "social.twee",
        "pN": "Social"
      },
      {
        "f": "{ requiredValue: 60,\tcolor: 'blue',\tdescription: 'subversive.'},",
        "t": "{ requiredValue: 60,\tcolor: 'blue',\tdescription: '躁动的。'},",
        "pos": 14254,
        "fileName": "social.twee",
        "pN": "Social"
      },
      {
        "f": "{ requiredValue: 80,\tcolor: 'def',\tdescription: 'defiant.'},",
        "t": "{ requiredValue: 80,\tcolor: 'def',\tdescription: '惹是生非的。'},",
        "pos": 14326,
        "fileName": "social.twee",
        "pN": "Social"
      },
      {
        "f": "{ requiredValue: 0,\tcolor: 'teal',\tdescription: 'enduring.'},",
        "t": "{ requiredValue: 0,\tcolor: 'teal',\tdescription: '隐忍的。'},",
        "pos": 14451,
        "fileName": "social.twee",
        "pN": "Social"
      },
      {
        "f": "{ requiredValue: 20,\tcolor: 'teal',\tdescription: 'unresistant.'},",
        "t": "{ requiredValue: 20,\tcolor: 'teal',\tdescription: '服从的。'},",
        "pos": 14520,
        "fileName": "social.twee",
        "pN": "Social"
      },
      {
        "f": "{ requiredValue: 40,\tcolor: 'teal',\tdescription: 'optimistic.'},",
        "t": "{ requiredValue: 40,\tcolor: 'teal',\tdescription: '乐观的。'},",
        "pos": 14593,
        "fileName": "social.twee",
        "pN": "Social"
      },
      {
        "f": "{ requiredValue: 60,\tcolor: 'teal',\tdescription: 'rebellious.'},",
        "t": "{ requiredValue: 60,\tcolor: 'teal',\tdescription: '桀骜不驯的。'},",
        "pos": 14665,
        "fileName": "social.twee",
        "pN": "Social"
      },
      {
        "f": "{ requiredValue: 80,\tcolor: 'def',\tdescription: 'mutinous.'},",
        "t": "{ requiredValue: 80,\tcolor: 'def',\tdescription: '揭竿而起的。'},",
        "pos": 14737,
        "fileName": "social.twee",
        "pN": "Social"
      },
      {
        "f": "{ requiredValue: 0,\tcolor: 'green',\tdescription: 'tolerant.'},",
        "t": "{ requiredValue: 0,\tcolor: 'green',\tdescription: '容忍的。'},",
        "pos": 14863,
        "fileName": "social.twee",
        "pN": "Social"
      },
      {
        "f": "{ requiredValue: 20,\tcolor: 'green',\tdescription: 'patient.'},",
        "t": "{ requiredValue: 20,\tcolor: 'green',\tdescription: '坚韧的。'},",
        "pos": 14933,
        "fileName": "social.twee",
        "pN": "Social"
      },
      {
        "f": "{ requiredValue: 40,\tcolor: 'green',\tdescription: 'hopeful.'},",
        "t": "{ requiredValue: 40,\tcolor: 'green',\tdescription: '满怀希望的。'},",
        "pos": 15003,
        "fileName": "social.twee",
        "pN": "Social"
      },
      {
        "f": "{ requiredValue: 60,\tcolor: 'green',\tdescription: 'idealistic.'},",
        "t": "{ requiredValue: 60,\tcolor: 'green',\tdescription: '理想主义的。'},",
        "pos": 15073,
        "fileName": "social.twee",
        "pN": "Social"
      },
      {
        "f": "{ requiredValue: 80,\tcolor: 'def',\tdescription: 'revolutionary.'},",
        "t": "{ requiredValue: 80,\tcolor: 'def',\tdescription: '革命性的。'},",
        "pos": 15146,
        "fileName": "social.twee",
        "pN": "Social"
      },
      {
        "f": "<<set _guardRepConfig = { currentValue: $prison.guards, preText: 'The guards ', states : [",
        "t": "<<set _guardRepConfig = { currentValue: $prison.guards, preText: '守卫', states : [",
        "pos": 15238,
        "fileName": "social.twee",
        "pN": "Social"
      },
      {
        "f": "{ requiredValue: 0,\t\tcolor: 'red',\t\tdescription: 'have you under constant surveillance.'},",
        "t": "{ requiredValue: 0,\t\tcolor: 'red',\t\tdescription: '把你置于绝对的监视之下。'},",
        "pos": 15335,
        "fileName": "social.twee",
        "pN": "Social"
      },
      {
        "f": "{ requiredValue: 15,\tcolor: 'pink',\t\tdescription: 'consider you a problem.'},",
        "t": "{ requiredValue: 15,\tcolor: 'pink',\t\tdescription: '视你为麻烦人物。'},",
        "pos": 15432,
        "fileName": "social.twee",
        "pN": "Social"
      },
      {
        "f": "{ requiredValue: 30,\tcolor: 'purple',\t\tdescription: 'watch you.'},",
        "t": "{ requiredValue: 30,\tcolor: 'purple',\t\tdescription: '监视着你。'},",
        "pos": 15516,
        "fileName": "social.twee",
        "pN": "Social"
      },
      {
        "f": "{ requiredValue: 45,\tcolor: 'blue',\t\tdescription: 'are keeping an eye on you.'},",
        "t": "{ requiredValue: 45,\tcolor: 'blue',\t\tdescription: '对你抱有警惕。'},",
        "pos": 15589,
        "fileName": "social.twee",
        "pN": "Social"
      },
      {
        "f": "{ requiredValue: 60,\tcolor: 'lblue',\t\tdescription: 'expect no trouble from you.'},",
        "t": "{ requiredValue: 60,\tcolor: 'lblue',\t\tdescription: '不认为你会造成威胁。'},",
        "pos": 15676,
        "fileName": "social.twee",
        "pN": "Social"
      },
      {
        "f": "{ requiredValue: 80,\tcolor: 'teal',\t\tdescription: 'overlook you.'},",
        "t": "{ requiredValue: 80,\tcolor: 'teal',\t\tdescription: '对你毫不在意。'},",
        "pos": 15765,
        "fileName": "social.twee",
        "pN": "Social"
      },
      {
        "f": "{ requiredValue: 100,\tcolor: 'green',\t\tdescription: 'forget you are here.'}",
        "t": "{ requiredValue: 100,\tcolor: 'green',\t\tdescription: '忘记了你的存在。'}",
        "pos": 15839,
        "fileName": "social.twee",
        "pN": "Social"
      },
      {
        "f": "<<set _inmateRepConfig = { currentValue: $prison.inmates, preText: 'Most fellow inmates ', states : [",
        "t": "<<set _inmateRepConfig = { currentValue: $prison.inmates, preText: '大多数囚犯', states : [",
        "pos": 15930,
        "fileName": "social.twee",
        "pN": "Social"
      },
      {
        "f": "{ requiredValue: 0,\t\tcolor: 'red',\t\tdescription: 'see you as meat.'},",
        "t": "{ requiredValue: 0,\t\tcolor: 'red',\t\tdescription: '认为你是到嘴的肥肉。'},",
        "pos": 16038,
        "fileName": "social.twee",
        "pN": "Social"
      },
      {
        "f": "{ requiredValue: 15,\tcolor: 'pink',\t\tdescription: 'think you\\'re a fucktoy.'},",
        "t": "{ requiredValue: 15,\tcolor: 'pink',\t\tdescription: '视你为肉便器。'},",
        "pos": 16114,
        "fileName": "social.twee",
        "pN": "Social"
      },
      {
        "f": "{ requiredValue: 30,\tcolor: 'purple',\tdescription: 'consider you a bitch.'},",
        "t": "{ requiredValue: 30,\tcolor: 'purple',\tdescription: '认为你是个婊子。'},",
        "pos": 16199,
        "fileName": "social.twee",
        "pN": "Social"
      },
      {
        "f": "{ requiredValue: 45,\tcolor: 'blue',\t\tdescription: 'see you as one of them.'},",
        "t": "{ requiredValue: 45,\tcolor: 'blue',\t\tdescription: '把你当作同伴。'},",
        "pos": 16282,
        "fileName": "social.twee",
        "pN": "Social"
      },
      {
        "f": "{ requiredValue: 60,\tcolor: 'lblue',\t\tdescription: 'have a good opinion of you.'},",
        "t": "{ requiredValue: 60,\tcolor: 'lblue',\t\tdescription: '对你印象良好。'},",
        "pos": 16366,
        "fileName": "social.twee",
        "pN": "Social"
      },
      {
        "f": "{ requiredValue: 80,\tcolor: 'teal',\t\tdescription: 'respect you.'},",
        "t": "{ requiredValue: 80,\tcolor: 'teal',\t\tdescription: '对你十分尊重。'},",
        "pos": 16455,
        "fileName": "social.twee",
        "pN": "Social"
      },
      {
        "f": "{ requiredValue: 100,\tcolor: 'green',\t\tdescription: 'think you\\'re the boss.'}",
        "t": "{ requiredValue: 100,\tcolor: 'green',\t\tdescription: '称你为老大。'}",
        "pos": 16528,
        "fileName": "social.twee",
        "pN": "Social"
      },
      {
        "f": "<<set _prisonBoxConfig = { name : \"Prison Atmosphere\", icon : \"img/misc/icon/prison_cell.png\", description: \"<<relation-text _prisonMoodConfig>>\"}>>",
        "t": "<<set _prisonBoxConfig = { name : \"监狱氛围\", icon : \"img/misc/icon/prison_cell.png\", description: \"<<relation-text _prisonMoodConfig>>\"}>>",
        "pos": 16622,
        "fileName": "social.twee",
        "pN": "Social"
      },
      {
        "f": "<<set _guardBoxConfig = { name : \"Prison Guards\", icon : \"img/misc/icon/prison_cell.png\", description: \"<<relation-text _guardRepConfig>>\"}>>",
        "t": "<<set _guardBoxConfig = { name : \"监狱守卫\", icon : \"img/misc/icon/prison_cell.png\", description: \"<<relation-text _guardRepConfig>>\"}>>",
        "pos": 16776,
        "fileName": "social.twee",
        "pN": "Social"
      },
      {
        "f": "<<set _inmateBoxConfig = { name : \"Prison Inmates\", icon : \"img/misc/icon/prison_cell.png\", description: \"<<relation-text _inmateRepConfig>>\"}>>",
        "t": "<<set _inmateBoxConfig = { name : \"监狱囚犯\", icon : \"img/misc/icon/prison_cell.png\", description: \"<<relation-text _inmateRepConfig>>\"}>>",
        "pos": 16923,
        "fileName": "social.twee",
        "pN": "Social"
      },
      {
        "f": "<<set _dockRepConfig = { currentValue: $dockstatus, preText: 'The other workers ', states : [",
        "t": "<<set _dockRepConfig = { currentValue: $dockstatus, preText: '其他的工人', states : [",
        "pos": 17127,
        "fileName": "social.twee",
        "pN": "Social"
      },
      {
        "f": "{ requiredValue: 0,\t\tcolor: 'purple',\tdescription: 'view you with contempt.'},",
        "t": "{ requiredValue: 0,\t\tcolor: 'purple',\tdescription: '对你不屑一顾。'},",
        "pos": 17227,
        "fileName": "social.twee",
        "pN": "Social"
      },
      {
        "f": "{ requiredValue: 10,\tcolor: 'blue',\t\tdescription: 'view you with suspicion.'},",
        "t": "{ requiredValue: 10,\tcolor: 'blue',\t\tdescription: '对你将信将疑。'},",
        "pos": 17312,
        "fileName": "social.twee",
        "pN": "Social"
      },
      {
        "f": "{ requiredValue: 30,\tcolor: 'lblue',\t\tdescription: 'tolerate you.'},",
        "t": "{ requiredValue: 30,\tcolor: 'lblue',\t\tdescription: '并不抵触你的存在。'},",
        "pos": 17397,
        "fileName": "social.twee",
        "pN": "Social"
      },
      {
        "f": "{ requiredValue: 80,\tcolor: 'teal',\t\tdescription: 'accept you.'},",
        "t": "{ requiredValue: 80,\tcolor: 'teal',\t\tdescription: '对你无可置疑。'},",
        "pos": 17472,
        "fileName": "social.twee",
        "pN": "Social"
      },
      {
        "f": "{ requiredValue: 100,\tcolor: 'green',\t\tdescription: 'respect you.'}",
        "t": "{ requiredValue: 100,\tcolor: 'green',\t\tdescription: '对你敬爱有加。'}",
        "pos": 17544,
        "fileName": "social.twee",
        "pN": "Social"
      },
      {
        "f": "<<set _dockBoxConfig = { name : \"Docks\", icon : \"img/misc/icon/docks.png\", description : '<<relation-text _dockRepConfig>>'}>>",
        "t": "<<set _dockBoxConfig = { name : \"码头\", icon : \"img/misc/icon/docks.png\", description : '<<relation-text _dockRepConfig>>'}>>",
        "pos": 17627,
        "fileName": "social.twee",
        "pN": "Social"
      },
      {
        "f": "<<set _pirateStatusConfig = { currentValue: $pirate_rank, secondaryValue: $pirate_status, preText: 'The pirates view you as ', states : [",
        "t": "<<set _pirateStatusConfig = { currentValue: $pirate_rank, secondaryValue: $pirate_status, preText: '海盗们认为你是', states : [",
        "pos": 17787,
        "fileName": "social.twee",
        "pN": "Social"
      },
      {
        "f": "{ requiredValue: 0,\tcolor: 'red',\tdescription: 'wretched scum.'},",
        "t": "{ requiredValue: 0,\tcolor: 'red',\tdescription: '卑微的奴工。'},",
        "pos": 17978,
        "fileName": "social.twee",
        "pN": "Social"
      },
      {
        "f": "{ requiredValue: 10,\tcolor: 'pink',\tdescription: 'worthless scum.'},",
        "t": "{ requiredValue: 10,\tcolor: 'pink',\tdescription: '没用的奴工。'},",
        "pos": 18051,
        "fileName": "social.twee",
        "pN": "Social"
      },
      {
        "f": "{ requiredValue: 30,\tcolor: 'pink',\tdescription: 'pathetic scum.'},",
        "t": "{ requiredValue: 30,\tcolor: 'pink',\tdescription: '令人同情的奴工。'},",
        "pos": 18127,
        "fileName": "social.twee",
        "pN": "Social"
      },
      {
        "f": "{ requiredValue: 50,\tcolor: 'pink',\tdescription: 'sloppy scum.'},",
        "t": "{ requiredValue: 50,\tcolor: 'pink',\tdescription: '还行的奴工。'},",
        "pos": 18202,
        "fileName": "social.twee",
        "pN": "Social"
      },
      {
        "f": "{ requiredValue: 70,\tcolor: 'pink',\tdescription: 'endearing scum.'},",
        "t": "{ requiredValue: 70,\tcolor: 'pink',\tdescription: '讨人喜欢的奴工。'},",
        "pos": 18275,
        "fileName": "social.twee",
        "pN": "Social"
      },
      {
        "f": "{ requiredValue: 90,\tcolor: 'purple',\tdescription: 'scum no longer.'},",
        "t": "{ requiredValue: 90,\tcolor: 'purple',\tdescription: '脱离了奴工身份的家伙。'},",
        "pos": 18351,
        "fileName": "social.twee",
        "pN": "Social"
      },
      {
        "f": "{ requiredValue: 0,\tcolor: 'blue',\tdescription: 'a scummy mate.'},",
        "t": "{ requiredValue: 0,\tcolor: 'blue',\tdescription: '喽啰船员。'},",
        "pos": 18485,
        "fileName": "social.twee",
        "pN": "Social"
      },
      {
        "f": "{ requiredValue: 10,\tcolor: 'blue',\tdescription: 'a useless mate.'},",
        "t": "{ requiredValue: 10,\tcolor: 'blue',\tdescription: '没用的船员。'},",
        "pos": 18559,
        "fileName": "social.twee",
        "pN": "Social"
      },
      {
        "f": "{ requiredValue: 30,\tcolor: 'blue',\tdescription: 'an untested mate.'},",
        "t": "{ requiredValue: 30,\tcolor: 'blue',\tdescription: '不成熟的船员。'},",
        "pos": 18635,
        "fileName": "social.twee",
        "pN": "Social"
      },
      {
        "f": "{ requiredValue: 50,\tcolor: 'blue',\tdescription: 'a second-class mate.'},",
        "t": "{ requiredValue: 50,\tcolor: 'blue',\tdescription: '二流船员。'},",
        "pos": 18713,
        "fileName": "social.twee",
        "pN": "Social"
      },
      {
        "f": "{ requiredValue: 70,\tcolor: 'blue',\tdescription: 'a mate in good standing.'},",
        "t": "{ requiredValue: 70,\tcolor: 'blue',\tdescription: '尽职的船员。'},",
        "pos": 18794,
        "fileName": "social.twee",
        "pN": "Social"
      },
      {
        "f": "{ requiredValue: 90,\tcolor: 'lblue',\t\tdescription: 'a first-class mate.'},",
        "t": "{ requiredValue: 90,\tcolor: 'lblue',\t\tdescription: '一流的船员。'},",
        "pos": 18879,
        "fileName": "social.twee",
        "pN": "Social"
      },
      {
        "f": "<<set _pirateBoxConfig = { name : \"Pirate Rank\", icon : \"img/misc/icon/mer.png\", description: \"<<relation-text _pirateStatusConfig>>\"}>>",
        "t": "<<set _pirateBoxConfig = { name : \"海盗阶级\", icon : \"img/misc/icon/mer.png\", description: \"<<relation-text _pirateStatusConfig>>\"}>>",
        "pos": 18979,
        "fileName": "social.twee",
        "pN": "Social"
      },
      {
        "f": "<<set _farmHorseRepConfig = { currentValue: $farm.beasts.horses, preText: `The ${$settings.monsterChance is 100 ? 'centaurs ' : 'steeds '}`, postText: ' you.', states: [",
        "t": "<<set _farmHorseRepConfig = { currentValue: $farm.beasts.horses, preText: `${$settings.monsterChance is 100 ? '半人马' : '马群'}`, postText: '着你。', states: [",
        "pos": 20286,
        "fileName": "social.twee",
        "pN": "Social"
      },
      {
        "f": "{ requiredValue: -100,\tcolor: 'pink',\t\tdescription: 'see you as a fucktoy.', postText: ' '},",
        "t": "{ requiredValue: -100,\tcolor: 'pink',\t\tdescription: '亵渎', postText: '着你。'},",
        "pos": 20461,
        "fileName": "social.twee",
        "pN": "Social"
      },
      {
        "f": "{ requiredValue: -20,\tcolor: 'purple',\tdescription: 'have little respect', postText: ' for you.'},",
        "t": "{ requiredValue: -20,\tcolor: 'purple',\tdescription: '藐视', postText:  ''},",
        "pos": 20559,
        "fileName": "social.twee",
        "pN": "Social"
      },
      {
        "f": "{ requiredValue: -5,\tcolor: '',\t\t\tdescription: 'are wary of'},",
        "t": "{ requiredValue: -5,\tcolor: '',\t\t\tdescription: '警惕'},",
        "pos": 20663,
        "fileName": "social.twee",
        "pN": "Social"
      },
      {
        "f": "{ requiredValue: 5,\t\tcolor: 'lblue',\t\tdescription: 'trust'},",
        "t": "{ requiredValue: 5,\t\tcolor: 'lblue',\t\tdescription: '信任'},",
        "pos": 20731,
        "fileName": "social.twee",
        "pN": "Social"
      },
      {
        "f": "{ requiredValue: 20,\tcolor: 'green',\t\tdescription: 'respect'}",
        "t": "{ requiredValue: 20,\tcolor: 'green',\t\tdescription: '敬爱'}",
        "pos": 20797,
        "fileName": "social.twee",
        "pN": "Social"
      },
      {
        "f": "<<set _farmPigRepConfig = { currentValue: $farm.beasts.pigs, preText: `The ${$settings.monsterChance is 100 ? 'pig' + _people : 'pigs '}`, postText: ' you.', states: [",
        "t": "<<set _farmPigRepConfig = { currentValue: $farm.beasts.pigs, preText: `${$settings.monsterChance is 100 ? '猪' + _people : '猪群'}`, postText: '着你。', states: [",
        "pos": 20885,
        "fileName": "social.twee",
        "pN": "Social"
      },
      {
        "f": "{ requiredValue: -100,\tcolor: 'pink',\t\tdescription: 'see you as a fucktoy.', postText: ' '},",
        "t": "{ requiredValue: -100,\tcolor: 'pink',\t\tdescription: '亵渎', postText: '着你。'},",
        "pos": 21058,
        "fileName": "social.twee",
        "pN": "Social"
      },
      {
        "f": "{ requiredValue: -20,\tcolor: 'purple',\tdescription: 'have little respect', postText: ' for you.'},",
        "t": "{ requiredValue: -20,\tcolor: 'purple',\tdescription: '藐视', postText:  ''},",
        "pos": 21156,
        "fileName": "social.twee",
        "pN": "Social"
      },
      {
        "f": "{ requiredValue: -5,\tcolor: '',\t\t\tdescription: 'are wary of'},",
        "t": "{ requiredValue: -5,\tcolor: '',\t\t\tdescription: '警惕'},",
        "pos": 21260,
        "fileName": "social.twee",
        "pN": "Social"
      },
      {
        "f": "{ requiredValue: 5,\t\tcolor: 'lblue',\t\tdescription: 'trust'},",
        "t": "{ requiredValue: 5,\t\tcolor: 'lblue',\t\tdescription: '信任'},",
        "pos": 21328,
        "fileName": "social.twee",
        "pN": "Social"
      },
      {
        "f": "{ requiredValue: 20,\tcolor: 'green',\t\tdescription: 'respect'}",
        "t": "{ requiredValue: 20,\tcolor: 'green',\t\tdescription: '敬爱'}",
        "pos": 21394,
        "fileName": "social.twee",
        "pN": "Social"
      },
      {
        "f": "<<set _farmCattleRepConfig = { currentValue: $farm.beasts.cattle, preText: `The ${$settings.monsterChance is 100 ? _cowpeople : 'cattle '}`, postText: ' you.', states: [",
        "t": "<<set _farmCattleRepConfig = { currentValue: $farm.beasts.cattle, preText: `${$settings.monsterChance is 100 ? _cowpeople : '牛群'}`, postText: '着你。', states: [",
        "pos": 21484,
        "fileName": "social.twee",
        "pN": "Social"
      },
      {
        "f": "<<set _farmDogRepConfig = { currentValue: $farm.beasts.dogs, preText: `The ${$settings.monsterChance is 100 ? 'dog' + _people : 'dogs '}`, postText: ' you.', states: [",
        "t": "<<set _farmDogRepConfig = { currentValue: $farm.beasts.dogs, preText: `${$settings.monsterChance is 100 ? '狗' + _people : '狗群'}`, postText: '着你。', states: [",
        "pos": 22086,
        "fileName": "social.twee",
        "pN": "Social"
      },
      {
        "f": "<<set _farmHorseBoxConfig =\t\t{ name: \"Horses\",\ticon : \"img/misc/icon/horse.png\", description : '<<relation-text _farmHorseRepConfig>>'}>>",
        "t": "<<set _farmHorseBoxConfig =\t\t{ name: \"马群\",\ticon : \"img/misc/icon/horse.png\", description : '<<relation-text _farmHorseRepConfig>>'}>>",
        "pos": 22670,
        "fileName": "social.twee",
        "pN": "Social"
      },
      {
        "f": "<<set _farmPigBoxConfig =\t\t{ name: \"Pigs\",\t\ticon : \"img/misc/icon/pig.png\", description : '<<relation-text _farmPigRepConfig>>'}>>",
        "t": "<<set _farmPigBoxConfig =\t\t{ name: \"猪群\",\t\ticon : \"img/misc/icon/pig.png\", description : '<<relation-text _farmPigRepConfig>>'}>>",
        "pos": 22812,
        "fileName": "social.twee",
        "pN": "Social"
      },
      {
        "f": "<<set _farmCattleBoxConfig =\t{ name: \"Cattle\",\ticon : \"img/misc/icon/cow.png\", description : '<<relation-text _farmCattleRepConfig>>'}>>",
        "t": "<<set _farmCattleBoxConfig =\t{ name: \"牛群\",\ticon : \"img/misc/icon/cow.png\", description : '<<relation-text _farmCattleRepConfig>>'}>>",
        "pos": 22947,
        "fileName": "social.twee",
        "pN": "Social"
      },
      {
        "f": "<<set _farmDogBoxConfig =\t\t{ name: \"Dogs\",\t\ticon : \"img/misc/icon/dog.png\", description : '<<relation-text _farmDogRepConfig>>'}>>",
        "t": "<<set _farmDogBoxConfig =\t\t{ name: \"狗群\",\t\ticon : \"img/misc/icon/dog.png\", description : '<<relation-text _farmDogRepConfig>>'}>>",
        "pos": 23088,
        "fileName": "social.twee",
        "pN": "Social"
      },
      {
        "f": "<<set _farmSabotageBoxConfig = { name: \"Farm Safety\", icon : \"img/misc/icon/barn.png\", description : '<<relation-text _farmSabotageConfig>>'}>>",
        "t": "<<set _farmSabotageBoxConfig = { name: \"农场安保\", icon : \"img/misc/icon/barn.png\", description : '<<relation-text _farmSabotageConfig>>'}>>",
        "pos": 24108,
        "fileName": "social.twee",
        "pN": "Social"
      },
      {
        "f": "<span class=\"gold\">Farm Status</span>",
        "t": "<span class=\"gold\">农场声誉</span>",
        "pos": 24293,
        "fileName": "social.twee",
        "pN": "Social"
      },
      {
        "f": "<span class=\"gold\">Fame</span>",
        "t": "<span class=\"gold\">知名度</span>",
        "pos": 24694,
        "fileName": "social.twee",
        "pN": "Social"
      },
      {
        "f": "{ requiredValue: 0,\t\tcolor: 'green',\t\tdescription: ' Unknown'},",
        "t": "{ requiredValue: 0,\t\tcolor: 'green',\t\tdescription: '默默无闻'},",
        "pos": 24830,
        "fileName": "social.twee",
        "pN": "Social"
      },
      {
        "f": "{ requiredValue: 30,\tcolor: 'teal',\t\tdescription: ' Obscure'},",
        "t": "{ requiredValue: 30,\tcolor: 'teal',\t\tdescription: '鲜为人知'},",
        "pos": 24899,
        "fileName": "social.twee",
        "pN": "Social"
      },
      {
        "f": "{ requiredValue: 100,\tcolor: 'lblue',\t\tdescription: ' Low-key'},",
        "t": "{ requiredValue: 100,\tcolor: 'lblue',\t\tdescription: '崭露头角'},",
        "pos": 24967,
        "fileName": "social.twee",
        "pN": "Social"
      },
      {
        "f": "{ requiredValue: 200,\tcolor: 'blue',\t\tdescription: ' Known'},",
        "t": "{ requiredValue: 200,\tcolor: 'blue',\t\tdescription: '小有名气'},",
        "pos": 25037,
        "fileName": "social.twee",
        "pN": "Social"
      },
      {
        "f": "{ requiredValue: 400,\tcolor: 'purple',\tdescription: ' Recognised'},",
        "t": "{ requiredValue: 400,\tcolor: 'purple',\tdescription: '引人瞩目'},",
        "pos": 25104,
        "fileName": "social.twee",
        "pN": "Social"
      },
      {
        "f": "{ requiredValue: 600,\tcolor: 'pink',\t\tdescription: ' Famous'},",
        "t": "{ requiredValue: 600,\tcolor: 'pink',\t\tdescription: '家喻户晓'},",
        "pos": 25177,
        "fileName": "social.twee",
        "pN": "Social"
      },
      {
        "f": "{ requiredValue: 1000,\tcolor: 'red',\t\tdescription: ' Notorious _config.flavorText'}",
        "t": "{ requiredValue: 1000,\tcolor: 'red',\t\tdescription: '声名狼藉的_config.flavorText'}",
        "pos": 25245,
        "fileName": "social.twee",
        "pN": "Social"
      },
      {
        "f": "<<set _sexFameConfig =\t\t\t\t{ currentValue: $fame.sex,\t\t\t\tpreText: 'Sex:',\t\t\tflavorText: 'slut',\t\t\t\tstates: _fameStates }>>",
        "t": "<<set _sexFameConfig =\t\t\t\t{ currentValue: $fame.sex,\t\t\t\tpreText: '淫乱：',\t\t\tflavorText: '婊子',\t\t\t\tstates: _fameStates }>>",
        "pos": 26882,
        "fileName": "social.twee",
        "pN": "Social"
      },
      {
        "f": "<<set _prostitutionFameConfig =\t\t{ currentValue: $fame.prostitution,\t\tpreText: 'Prostitution:',\tflavorText: 'whore',\t\t\tstates: _fameStates }>>",
        "t": "<<set _prostitutionFameConfig =\t\t{ currentValue: $fame.prostitution,\t\tpreText: '卖淫：',\tflavorText: '娼妓',\t\t\tstates: _fameStates }>>",
        "pos": 27008,
        "fileName": "social.twee",
        "pN": "Social"
      },
      {
        "f": "<<set _rapeFameConfig =\t\t\t\t{ currentValue: $fame.rape,\t\t\t\tpreText: 'Rape:',\t\t\tflavorText: 'fucktoy',\t\t\tstates: _fameStates }>>",
        "t": "<<set _rapeFameConfig =\t\t\t\t{ currentValue: $fame.rape,\t\t\t\tpreText: '强暴：',\t\t\tflavorText: '肉便器',\t\t\tstates: _fameStates }>>",
        "pos": 27155,
        "fileName": "social.twee",
        "pN": "Social"
      },
      {
        "f": "<<set _exhibitionismFameConfig =\t{ currentValue: $fame.exhibitionism,\tpreText: 'Exhibitionism:',\tflavorText: 'flaunter',\t\t\tstates: _fameStates }>>",
        "t": "<<set _exhibitionismFameConfig =\t{ currentValue: $fame.exhibitionism,\tpreText: '露出：',\tflavorText: '暴露狂',\t\t\tstates: _fameStates }>>",
        "pos": 27638,
        "fileName": "social.twee",
        "pN": "Social"
      },
      {
        "f": "<<set _pregnancyFameConfig =\t\t{ currentValue: $fame.pregnancy,\t\tpreText: 'Pregnancy:',\t\tflavorText: $_name,\t\t\t\tstates: _fameStates }>>",
        "t": "<<set _pregnancyFameConfig =\t\t{ currentValue: $fame.pregnancy,\t\tpreText: '怀孕：',\t\tflavorText: $_name,\t\t\t\tstates: _fameStates }>>",
        "pos": 27990,
        "fileName": "social.twee",
        "pN": "Social"
      },
      {
        "f": "<<set _impregFameConfig =\t\t\t{ currentValue: $fame.impreg,\t\t\tpreText: 'Pregnancy:',\t\tflavorText: $_name,\t\t\t\tstates: _fameStates }>>",
        "t": "<<set _impregFameConfig =\t\t\t{ currentValue: $fame.impreg,\t\t\tpreText: '播种：',\t\tflavorText: $_name,\t\t\t\tstates: _fameStates }>>",
        "pos": 28324,
        "fileName": "social.twee",
        "pN": "Social"
      },
      {
        "f": "<<set _combatFameConfig =\t\t\t{ currentValue: $fame.scrap,\t\t\tpreText: 'Combat:',\t\t\tflavorText: 'scrapper',\t\t\tstates: _inverseFameStates }>>",
        "t": "<<set _combatFameConfig =\t\t\t{ currentValue: $fame.scrap,\t\t\tpreText: '战斗：',\t\t\tflavorText: '拳皇',\t\t\tstates: _inverseFameStates }>>",
        "pos": 28459,
        "fileName": "social.twee",
        "pN": "Social"
      },
      {
        "f": "<<set _kindnessFameConfig =\t\t\t{ currentValue: $fame.good,\t\t\t\tpreText: 'Kindness:',\t\tflavorText: 'do-gooder',\t\tstates: _inverseFameStates }>>",
        "t": "<<set _kindnessFameConfig =\t\t\t{ currentValue: $fame.good,\t\t\t\tpreText: '善良：',\t\tflavorText: '圣人',\t\tstates: _inverseFameStates }>>",
        "pos": 28601,
        "fileName": "social.twee",
        "pN": "Social"
      },
      {
        "f": "<<set _businessFameConfig =\t\t\t{ currentValue: $fame.business,\t\t\tpreText: 'Business:',\t\tflavorText: 'entrepreneur',\t\tstates: _inverseFameStates }>>",
        "t": "<<set _businessFameConfig =\t\t\t{ currentValue: $fame.business,\t\t\tpreText: '商业：',\t\tflavorText: '企业家',\t\tstates: _inverseFameStates }>>",
        "pos": 28746,
        "fileName": "social.twee",
        "pN": "Social"
      },
      {
        "f": "<<set _socialFameConfig =\t\t\t{ currentValue: $fame.social,\t\t\tpreText: 'Socialite:',\t\tflavorText: 'schmoozer',\t\tstates: _inverseFameStates }>>",
        "t": "<<set _socialFameConfig =\t\t\t{ currentValue: $fame.social,\t\t\tpreText: '社交：',\t\tflavorText: '名流',\t\tstates: _inverseFameStates }>>",
        "pos": 28897,
        "fileName": "social.twee",
        "pN": "Social"
      },
      {
        "f": "<<set _modelFameConfig =\t\t\t{ currentValue: $fame.model,\t\t\tpreText: 'Modelling:',\t\tflavorText: 'show off',\t\t\tstates: _inverseFameStates }>>",
        "t": "<<set _modelFameConfig =\t\t\t{ currentValue: $fame.model,\t\t\tpreText: '走秀：',\t\tflavorText: '模特',\t\t\tstates: _inverseFameStates }>>",
        "pos": 29042,
        "fileName": "social.twee",
        "pN": "Social"
      },
      {
        "f": "<<set _overallFameConfig =\t\t\t{ currentValue: fameTotal(),\t\t\tpreText: 'Overall:',\t\tflavorText: '',\t\t\t\t\tstates: [",
        "t": "<<set _overallFameConfig =\t\t\t{ currentValue: fameTotal(),\t\t\tpreText: '总体：',\t\tflavorText: '',\t\t\t\t\tstates: [",
        "pos": 29185,
        "fileName": "social.twee",
        "pN": "Social"
      },
      {
        "f": "{ requiredValue: 4000,\tcolor: fameSum('business', 'good', 'social', 'model') > 4000 ? 'green' : 'red',\t\tdescription: ' Notorious'}",
        "t": "{ requiredValue: 4000,\tcolor: fameSum('business', 'good', 'social', 'model') > 4000 ? 'green' : 'red',\t\tdescription: '声名赫赫'}",
        "pos": 29721,
        "fileName": "social.twee",
        "pN": "Social"
      },
      {
        "f": "The townsfolk know you as <span class=\"teal\"><<overworld_nickname>>.</span> Those in the criminal underworld call you <span class=\"pink\"><<underworld_nickname>>.</span>",
        "t": "镇上的居民认为你是个<span class=\"teal\"><<overworld_nickname>>，</span>而地下社会的人则会称呼你为<span class=\"pink\"><<underworld_nickname>>。</span>",
        "pos": 31765,
        "fileName": "social.twee",
        "pN": "Social"
      },
      {
        "f": "<<button \"Characteristics\">>",
        "t": "<<button \"特征\">>",
        "pos": 3413,
        "fileName": "overlay-replace.twee",
        "pN": "overlayReplace"
      },
      {
        "f": "<<button \"Social\">>",
        "t": "<<button \"社交\">>",
        "pos": 3699,
        "fileName": "overlay-replace.twee",
        "pN": "overlayReplace"
      },
      {
        "f": "<<button \"Traits\">>",
        "t": "<<button \"特质\">>",
        "pos": 3967,
        "fileName": "overlay-replace.twee",
        "pN": "overlayReplace"
      },
      {
        "f": "<<button \"Journal\">>",
        "t": "<<button \"日志\">>",
        "pos": 4218,
        "fileName": "overlay-replace.twee",
        "pN": "overlayReplace"
      },
      {
        "f": "<<button \"Notes\">>",
        "t": "<<button \"笔记\">>",
        "pos": 4364,
        "fileName": "overlay-replace.twee",
        "pN": "overlayReplace"
      },
      {
        "f": "<<button \"Journal\">>",
        "t": "<<button \"日志\">>",
        "pos": 4657,
        "fileName": "overlay-replace.twee",
        "pN": "overlayReplace"
      },
      {
        "f": "<<button \"Notes\">>",
        "t": "<<button \"笔记\">>",
        "pos": 4803,
        "fileName": "overlay-replace.twee",
        "pN": "overlayReplace"
      },
      {
        "f": "<<button \"Statistics\">>",
        "t": "<<button \"统计\">>",
        "pos": 5089,
        "fileName": "overlay-replace.twee",
        "pN": "overlayReplace"
      },
      {
        "f": "<<button \"Extra stats (spoilers)\">>",
        "t": "<<button \"额外统计 (包含剧透)\">>",
        "pos": 5209,
        "fileName": "overlay-replace.twee",
        "pN": "overlayReplace"
      },
      {
        "f": "<<button \"Feats\">>",
        "t": "<<button \"成就\">>",
        "pos": 5629,
        "fileName": "overlay-replace.twee",
        "pN": "overlayReplace"
      },
      {
        "f": "<<button \"Stats\">>",
        "t": "<<button \"状态\">>",
        "pos": 5877,
        "fileName": "overlay-replace.twee",
        "pN": "overlayReplace"
      },
      {
        "f": "<<button \"Visual\">>",
        "t": "<<button \"外观\">>",
        "pos": 6046,
        "fileName": "overlay-replace.twee",
        "pN": "overlayReplace"
      },
      {
        "f": "<<button \"NPCs\">>",
        "t": "<<button \"NPC\">>",
        "pos": 6217,
        "fileName": "overlay-replace.twee",
        "pN": "overlayReplace"
      },
      {
        "f": "<<button \"Alex's Farm\">>",
        "t": "<<button \"艾历克斯农场\">>",
        "pos": 6403,
        "fileName": "overlay-replace.twee",
        "pN": "overlayReplace"
      },
      {
        "f": "<<button \"Teleport\">>",
        "t": "<<button \"传送\">>",
        "pos": 6605,
        "fileName": "overlay-replace.twee",
        "pN": "overlayReplace"
      },
      {
        "f": "<<button \"Other\">>",
        "t": "<<button \"其它\">>",
        "pos": 6785,
        "fileName": "overlay-replace.twee",
        "pN": "overlayReplace"
      },
      {
        "f": "<<button \"General\">>",
        "t": "<<button \"通用\">>",
        "pos": 7084,
        "fileName": "overlay-replace.twee",
        "pN": "overlayReplace"
      },
      {
        "f": "<<button \"Theme\">>",
        "t": "<<button \"主题\">>",
        "pos": 7205,
        "fileName": "overlay-replace.twee",
        "pN": "overlayReplace"
      },
      {
        "f": "<<button \"Performance\">>",
        "t": "<<button \"性能\">>",
        "pos": 7322,
        "fileName": "overlay-replace.twee",
        "pN": "overlayReplace"
      },
      {
        "f": "<<button \"Advanced\">>",
        "t": "<<button \"高级\">>",
        "pos": 7451,
        "fileName": "overlay-replace.twee",
        "pN": "overlayReplace"
      },
      {
        "f": "<<button \"Information\">>",
        "t": "<<button \"信息\">>",
        "pos": 7574,
        "fileName": "overlay-replace.twee",
        "pN": "overlayReplace"
      },
      {
        "f": "<<button \"Saves\">>",
        "t": "<<button \"存档\">>",
        "pos": 7840,
        "fileName": "overlay-replace.twee",
        "pN": "overlayReplace"
      },
      {
        "f": "<<button \"Export/Import\">>",
        "t": "<<button \"导出/载入\">>",
        "pos": 7950,
        "fileName": "overlay-replace.twee",
        "pN": "overlayReplace"
      },
      {
        "f": "<<button \"Blackjack Guide\">>",
        "t": "<<button \"二十一点指南\">>",
        "pos": 8227,
        "fileName": "overlay-replace.twee",
        "pN": "overlayReplace"
      },
      {
        "f": "<<button \"Event Info\">>",
        "t": "<<button \"事件信息\">>",
        "pos": 8496,
        "fileName": "overlay-replace.twee",
        "pN": "overlayReplace"
      },
      {
        "f": "<<button \"Layers\">>",
        "t": "<<button \"图层\">>",
        "pos": 8767,
        "fileName": "overlay-replace.twee",
        "pN": "overlayReplace"
      },
      {
        "f": "<<button \"Colours\">>",
        "t": "<<button \"颜色\">>",
        "pos": 8891,
        "fileName": "overlay-replace.twee",
        "pN": "overlayReplace"
      },
      {
        "f": "<<button \"Model\">>",
        "t": "<<button \"模型\">>",
        "pos": 9042,
        "fileName": "overlay-replace.twee",
        "pN": "overlayReplace"
      },
      {
        "f": "<<button \"Start/Stop Animation\">>",
        "t": "<<button \"播放/暂停动画\">>",
        "pos": 9197,
        "fileName": "overlay-replace.twee",
        "pN": "overlayReplace"
      },
      {
        "f": "<<button \"Refresh Caches\">>",
        "t": "<<button \"刷新缓存\">>",
        "pos": 9411,
        "fileName": "overlay-replace.twee",
        "pN": "overlayReplace"
      },
      {
        "f": "<<button \"Outfit Editor\">>",
        "t": "<<button \"服装编辑器\">>",
        "pos": 10275,
        "fileName": "overlay-replace.twee",
        "pN": "overlayReplace"
      },
      {
        "f": "<mouse class=\"tooltip-small colourCodes\"><span>Colour Codes</span>",
        "t": "<mouse class=\"tooltip-small colourCodes\"><span>颜色分级</span>",
        "pos": 10462,
        "fileName": "overlay-replace.twee",
        "pN": "overlayReplace"
      },
      {
        "f": "<i class=\"red\">Terrible</i>",
        "t": "<i class=\"red\">不忍直视的</i>",
        "pos": 10540,
        "fileName": "overlay-replace.twee",
        "pN": "overlayReplace"
      },
      {
        "f": "<i class=\"pink\">Bad</i>",
        "t": "<i class=\"pink\">糟糕的</i>",
        "pos": 10574,
        "fileName": "overlay-replace.twee",
        "pN": "overlayReplace"
      },
      {
        "f": "<i class=\"purple\">Poor</i>",
        "t": "<i class=\"purple\">可怜的</i>",
        "pos": 10604,
        "fileName": "overlay-replace.twee",
        "pN": "overlayReplace"
      },
      {
        "f": "<i class=\"blue\">Okay</i>",
        "t": "<i class=\"blue\">一般的</i>",
        "pos": 10637,
        "fileName": "overlay-replace.twee",
        "pN": "overlayReplace"
      },
      {
        "f": "<i class=\"lblue\">Decent</i>",
        "t": "<i class=\"lblue\">不错的</i>",
        "pos": 10668,
        "fileName": "overlay-replace.twee",
        "pN": "overlayReplace"
      },
      {
        "f": "<i class=\"teal\">Good</i>",
        "t": "<i class=\"teal\">优良的</i>",
        "pos": 10702,
        "fileName": "overlay-replace.twee",
        "pN": "overlayReplace"
      },
      {
        "f": "<i class=\"green\">Excellent</i>",
        "t": "<i class=\"green\">精妙绝伦的</i>",
        "pos": 10733,
        "fileName": "overlay-replace.twee",
        "pN": "overlayReplace"
      },
      {
        "f": "<<button \"Close\">>",
        "t": "<<button \"关闭\">>",
        "pos": 11291,
        "fileName": "overlay-replace.twee",
        "pN": "overlayReplace"
      },
	  {
        "f": "<<print \"It is \" + getFormattedDate(Time.date) + \", \" + Time.year + \".\">>",
        "t": "<<print \"今天是\" + Time.year + \"年\" + getFormattedDate(Time.date) + \"。\">>",
        "pos": 28,
        "fileName": "journal.twee",
        "pN": "Widgets Journal"
      },
      {
        "f": "<li>It is around <span class=\"gold\"><<print _yearsBefore>></span> <<pluralise _yearsBefore \"year\">> before you started the game.</li>",
        "t": "<li>距离你开始游戏大约<span class=\"gold\"><<print _yearsBefore>></span> <<pluralise _yearsBefore \"年\">>。</li>",
        "pos": 247,
        "fileName": "journal.twee",
        "pN": "Widgets Journal"
      },
      {
        "f": "<li>It is <span class=\"gold\"><<print _daysBefore>></span> <<pluralise _daysBefore \"day\">> before you started the game.</li>",
        "t": "<li>距离你开始游戏还有<span class=\"gold\"><<print _daysBefore>></span><<pluralise _daysBefore \"天\">>。</li>",
        "pos": 435,
        "fileName": "journal.twee",
        "pN": "Widgets Journal"
      },
      {
        "f": "<li>It has been <span class=\"gold\"><<print Time.days>></span> <<pluralise Time.days \"day\">> since the game started.</li>",
        "t": "<li>游戏已经进行了<span class=\"gold\"><<print Time.days>></span><<pluralise Time.days \"天\">>。</li>",
        "pos": 581,
        "fileName": "journal.twee",
        "pN": "Widgets Journal"
      },
      {
        "f": "<li>You survived <span class=\"gold\">$hardmodedays</span> <<pluralise $hardmodedays \"day\">> on hard mode.</li>",
        "t": "<li>你在困难模式下已存活<span class=\"gold\">$hardmodedays</span><<pluralise $hardmodedays \"天\">>。</li>",
        "pos": 744,
        "fileName": "journal.twee",
        "pN": "Widgets Journal"
      },
      {
        "f": "<li>The game started in <<print Time.getSeason(new DateTime($startDate))>>.</li>",
        "t": "<li>游戏开始于<<print Time.getSeason(new DateTime($startDate)).replace(\"autumn\", \"秋天\").replace(\"winter\", \"冬天\").replace(\"spring\", \"春天\").replace(\"summer\", \"夏天\")>>。</li>",
        "pos": 874,
        "fileName": "journal.twee",
        "pN": "Widgets Journal"
      },
      {
        "f": "<li>It is <<print Time.season>>.</li>",
        "t": "<li>现在是<<print Time.season.replace(\"autumn\", \"秋天\").replace(\"winter\", \"冬天\").replace(\"spring\", \"春天\").replace(\"summer\", \"夏天\")>>。</li>",
        "pos": 957,
        "fileName": "journal.twee",
        "pN": "Widgets Journal"
      }
	]
  }
}